250,201 E 28TH ST,NEW YORK,NY,100168538
251,14 SUNVIEW AVE,SAN ANSELMO,CA,949601464
252,8280 W WARM SPRINGS RD,LAS VEGAS,NV,891133612
253,502 MADISON OAK DR,SAN ANTONIO,TX,782584189
254,295 FELL ST,SAN FRANCISCO,CA,941025147
255,3015 SW PINE ISLAND RD,CAPE CORAL,FL,339911704
256,930 INDUSTRIAL DR,OLD HICKORY,TN,371383644
257,10700 STRINGFELLOW RD,BOKEELIA,FL,339223232
258,4007 W WALTON ST,LAKE CHARLES,LA,706073656
259,125 CIRO AVE,SAN JOSE,CA,951281671
260,14650 AVIATION BLVD,HAWTHORNE,CA,902506666
261,8935 S PECOS RD,HENDERSON,NV,890747155
262,1009 S 42ND ST,MOUNT VERNON,IL,628646218
263,2615 COLONIAL DR,HELENA,MT,596014910
264,300 WASHINGTON AVE,ELIZABETH,NJ,072023317
265,18200 W 13 MILE RD,BEVERLY HILLS,MI,480255446
266,617 RUSSELL BLVD,NACOGDOCHES,TX,759651247
267,5525 GROSSMONT CTR DR,LA MESA,CA,919423009
268,1577 S AVE,ROCHESTER,NY,146203914
269,20041 W VALLEY BLVD,TEHACHAPI,CA,935616746
270,1030 SHERIDAN AVE,BRONX,NY,104566100
271,38 1 CARR 102 KM BO MINILLAS,SAN GERMAN,PR,00683
272,284 AVE DOMENECH,SAN JUAN,PR,009183514
273,1178 N TUSTIN ST,ORANGE,CA,928676006
274,542 7TH AVE,BROOKLYN,NY,112156140
275,991 MAIN ST,PATERSON,NJ,075032224
276,6 WHARTON PLACE,MELVILLE,NY,117474260
277,107 W GREELEY AVE,TRIBUNE,KS,678797711
278,5432 BEE RIDGE RD,SARASOTA,FL,342331512
279,318 N GARFIELD AVE,MONTEREY PARK,CA,917541726
280,607 S ALEXANDER ST,PLANT CITY,FL,335635050
281,160 BENMONT AVE,BENNINGTON,VT,052011842
282,690 NE 3RD AVE,CRYSTAL RIVER,FL,344283541
283,8700 BEVERLY BLVD,WEST HOLLYWOOD,CA,900481804
284,13055 SUMMERFIELD SQUARE DR,RIVERVIEW,FL,335787402
285,1492 AVE PONCE DE LEON,SAN JUAN,PR,009074012
286,2601 N AZALEA ST,VICTORIA,TX,779014151
287,2837 N POWER RD,MESA,AZ,852151735
288,9811 MALLARD DR,LAUREL,MD,207083199
289,1422 W MAIN ST,LEWISVILLE,TX,750673391
290,5851 S VICKERY,CUMMING,GA,300408793
291,1001 SOUTHWEST BLVD,JEFFERSON CITY,MO,651092534
292,1601 CLINT MOORE RD,BOCA RATON,FL,334875714
293,2997 HWY 190,MANDEVILLE,LA,704713298
294,402 MEDICAL PARK DR,ATMORE,AL,365023004
295,1525 HICKORY ST,ABILENE,TX,796012906
296,1515 6TH AVE S,BIRMINGHAM,AL,352331601
297,55 CALLE PALMA,ARECIBO,PR,006124526
298,8501 W BOWLES AVE,LITTLETON,CO,801236907
299,75 GILCREAST RD,LONDONDERRY,NH,030533567
